env_id,env_name,category,data_kind,use_for_fit,is_global_anchor,delta,delta_err,H0,H0_err,redshift_range,scale_mpc,source,notes,delta_kind,delta_scale_mpc_h,delta_source
cmb_global,Planck CMB (global),global,observed,true,true,0,,67.36,0.54,z~1100,global,Planck 2018,Global anchor,direct,,
kbc_void_tf,KBC void (Tully-Fisher),void,observed,true,false,-0.46,0.06,72.1,0.9,local,40-300,Stiskalek et al. 2025 (arXiv:2506.10518),Predicted local H0 for exponential void profile; quoted as 72.1^{+0.9}_{-0.8} km/s/Mpc; using symmetric H0_err≈0.9 for v1,direct,,
sh0es_local,Local SN (SH0ES),void,observed,true,false,-0.46,0.06,73.17,0.86,local,40-300,Riess et al. 2022,Assumes local SN sample sits in KBC void,direct,,
cold_spot_min,Cold Spot (min),void,forecast,false,false,-0.7,,73.5,,local,,Prediction from beta=0.15,Forecast point (min delta),direct,,
cold_spot_max,Cold Spot (max),void,forecast,false,false,-0.6,,74.4,,local,,Prediction from beta=0.15,Forecast point (max delta),direct,,
cluster_min,Typical cluster (min),cluster,forecast,false,false,0.3,,65.4,,local,,Prediction from beta=0.15,Forecast point (min delta),direct,,
cluster_max,Typical cluster (max),cluster,forecast,false,false,0.5,,64.4,,local,,Prediction from beta=0.15,Forecast point (max delta),direct,,
coma_min,Coma (min),cluster,forecast,false,false,1.0,,57.3,,local,,Prediction from beta=0.15,Forecast point (min delta),direct,,
coma_max,Coma (max),cluster,forecast,false,false,2.0,,47.2,,local,,Prediction from beta=0.15,Forecast point (max delta),direct,,
kbc_void_model,KBC void model (delta=-0.3),void,inferred,true,false,-0.3,,71.06,,local,308,Kenworthy 2019 (arXiv:1901.08681),Model-implied local H0 shift +5.5% for KBC parameters (optional fit point),direct,,
shanks_void_model,Shanks 2019 void (delta=-0.2),void,inferred,true,false,-0.2,,69.72,,local,~0.05z,Kenworthy 2019 (arXiv:1901.08681),Model-implied H0 shift +3.5% for delta=-0.2 void (optional fit point),direct,,
cf4_void_exp,Local supervoid CF4 (exponential),void,inferred,false,false,-0.46,0.06,72.08,,local,<70,Stiskalek et al. 2025 (arXiv:2506.10518),Predicted H0_local for exponential void profile,direct,,
cf4_void_gauss,Local supervoid CF4 (gaussian),void,inferred,false,false,-0.46,0.06,70.40,,local,<70,Stiskalek et al. 2025 (arXiv:2506.10518),Predicted H0_local for gaussian void profile,direct,,
cf4_void_mb,Local supervoid CF4 (maxwell),void,inferred,false,false,-0.46,0.06,70.18,,local,<70,Stiskalek et al. 2025 (arXiv:2506.10518),Predicted H0_local for maxwell-boltzmann void profile,direct,,
coma_cz_over_D,Coma cluster (cz/D from distance ladder),cluster,observed,false,false,,,74.42,1.82,z~0.024,~100,Scolnic et al. 2025 ApJL 979 L9,Computed H0=cz/D from D_Coma=98.5±2.2 Mpc and z_CMB=0.02445±0.00024,,,
coma_desi_fp,Coma cluster (DESI FP calibrated by Coma distance),cluster,observed,false,false,,,76.5,2.2,z~0.023-0.1,Coma,Scolnic et al. 2025 ApJL 979 L9,DESI FP relation yields H0=76.5±2.2 km/s/Mpc when anchored by D_Coma=98.5±2.2 Mpc,,,
coma_cz_over_D_2mpp20,"Coma cluster (cz/D, 2M++ delta_g*)",cluster,observed,false,false,0.4322764151332613,,74.42,1.82,z~0.024,20,Scolnic et al. 2025 ApJL 979 L9,H0 from cz/D; delta from 2M++ smoothing 20 Mpc/h,delta_g_star_2mpp,20,overdense_env_candidates_v0.csv
coma_cz_over_D_2mpp50,"Coma cluster (cz/D, 2M++ delta_g*)",cluster,observed,false,false,0.07677854526028692,,74.42,1.82,z~0.024,50,Scolnic et al. 2025 ApJL 979 L9,H0 from cz/D; delta from 2M++ smoothing 50 Mpc/h,delta_g_star_2mpp,50,twompp_targets_delta_sigma_50p000_mpch.csv
coma_cz_over_D_2mpp100,"Coma cluster (cz/D, 2M++ delta_g*)",cluster,observed,false,false,0.012647045225691635,,74.42,1.82,z~0.024,100,Scolnic et al. 2025 ApJL 979 L9,H0 from cz/D; delta from 2M++ smoothing 100 Mpc/h,delta_g_star_2mpp,100,twompp_targets_delta_sigma_100p000_mpch.csv
cf2_proxy_bin_01_sigma50,"CF2 proxy bin 1 (δ_g*∈[-0.042,0.035], n=80)",supercluster,observed,True,False,0.010447102892436482,,73.94207815195098,0.8975975203977098,local,bin from CF2; smooth=50 Mpc/h,Cosmicflows-2 (Tully et al. 2013; VizieR J/AJ/146/86) + 2M++ (Carrick et al. 2015),Quantile-binned mean; H0=Vcmba/Dist with peculiar_vel_err=250 km/s,delta_g_star_2mpp,50.0,d:\Relational-Ontology\math\hubble_env_scan\_cache\cf2_table2_asu_tsv_outmax_9000.tsv
cf2_proxy_bin_02_sigma50,"CF2 proxy bin 2 (δ_g*∈[0.035,0.053], n=79)",supercluster,observed,True,False,0.0430509431884222,,76.06926439326601,1.1079798604711633,local,bin from CF2; smooth=50 Mpc/h,Cosmicflows-2 (Tully et al. 2013; VizieR J/AJ/146/86) + 2M++ (Carrick et al. 2015),Quantile-binned mean; H0=Vcmba/Dist with peculiar_vel_err=250 km/s,delta_g_star_2mpp,50.0,d:\Relational-Ontology\math\hubble_env_scan\_cache\cf2_table2_asu_tsv_outmax_9000.tsv
cf2_proxy_bin_03_sigma50,"CF2 proxy bin 3 (δ_g*∈[0.053,0.064], n=79)",supercluster,observed,True,False,0.05846543187782399,,71.49836748071415,1.1907015332391622,local,bin from CF2; smooth=50 Mpc/h,Cosmicflows-2 (Tully et al. 2013; VizieR J/AJ/146/86) + 2M++ (Carrick et al. 2015),Quantile-binned mean; H0=Vcmba/Dist with peculiar_vel_err=250 km/s,delta_g_star_2mpp,50.0,d:\Relational-Ontology\math\hubble_env_scan\_cache\cf2_table2_asu_tsv_outmax_9000.tsv
cf2_proxy_bin_04_sigma50,"CF2 proxy bin 4 (δ_g*∈[0.064,0.071], n=79)",supercluster,observed,True,False,0.06787964569126162,,78.2917044582279,1.3147791241389675,local,bin from CF2; smooth=50 Mpc/h,Cosmicflows-2 (Tully et al. 2013; VizieR J/AJ/146/86) + 2M++ (Carrick et al. 2015),Quantile-binned mean; H0=Vcmba/Dist with peculiar_vel_err=250 km/s,delta_g_star_2mpp,50.0,d:\Relational-Ontology\math\hubble_env_scan\_cache\cf2_table2_asu_tsv_outmax_9000.tsv
cf2_proxy_bin_05_sigma50,"CF2 proxy bin 5 (δ_g*∈[0.071,0.133], n=80)",supercluster,observed,True,False,0.08909807500523857,,77.09518329988587,1.0979214953840088,local,bin from CF2; smooth=50 Mpc/h,Cosmicflows-2 (Tully et al. 2013; VizieR J/AJ/146/86) + 2M++ (Carrick et al. 2015),Quantile-binned mean; H0=Vcmba/Dist with peculiar_vel_err=250 km/s,delta_g_star_2mpp,50.0,d:\Relational-Ontology\math\hubble_env_scan\_cache\cf2_table2_asu_tsv_outmax_9000.tsv
